{
    "(0.01, 1e-05)": [
        70.625,
        70.625,
        1.3813064098358154,
        15,
        -11.157977113026847
    ],
    "(0.01, 0.0001)": [
        70.35714285714286,
        70.35714285714286,
        0.8636898994445801,
        11,
        -10.98155103458908
    ],
    "(0.01, 0.001)": [
        72.76785714285714,
        72.76785714285714,
        1.001296043395996,
        14,
        -10.32422917916309
    ],
    "(0.01, 0.01)": [
        94.64285714285714,
        94.64285714285714,
        0.9933433532714844,
        12,
        -11.063739283337945
    ],
    "(0.01, 0.1)": [
        100.0,
        100.0,
        0.8188128471374512,
        11,
        -11.124173577023614
    ],
    "(0.01, 1)": [
        100.0,
        100.0,
        0.6482679843902588,
        6,
        -11.12420392947664
    ],
    "(0.01, 10.0)": [
        100.0,
        100.0,
        0.43779826164245605,
        6,
        -11.124203927109615
    ],
    "(0.1, 1e-05)": [
        70.26785714285714,
        70.26785714285714,
        1.0072739124298096,
        14,
        -109.59766821612516
    ],
    "(0.1, 0.0001)": [
        73.125,
        73.125,
        0.8048484325408936,
        11,
        -93.31403763111693
    ],
    "(0.1, 0.001)": [
        80.35714285714286,
        80.35714285714286,
        0.7010931968688965,
        9,
        -70.00578251732385
    ],
    "(0.1, 0.01)": [
        94.82142857142857,
        94.82142857142857,
        0.8367648124694824,
        11,
        -100.173953941617
    ],
    "(0.1, 0.1)": [
        100.0,
        100.0,
        0.8347666263580322,
        10,
        -106.21678186837777
    ],
    "(0.1, 1)": [
        100.0,
        100.0,
        0.6891248226165771,
        6,
        -106.21996966080783
    ],
    "(0.1, 10.0)": [
        100.0,
        100.0,
        0.49567461013793945,
        6,
        -106.21996936755444
    ],
    "(1, 1e-05)": [
        73.57142857142858,
        73.57142857142858,
        0.9065461158752441,
        12,
        -921.8175696610463
    ],
    "(1, 0.0001)": [
        83.75,
        83.75,
        0.8766584396362305,
        11,
        -621.0923151452762
    ],
    "(1, 0.001)": [
        92.5,
        92.5,
        0.8227987289428711,
        11,
        -396.56200122093617
    ],
    "(1, 0.01)": [
        99.91071428571429,
        99.91071428571429,
        0.6691858768463135,
        9,
        -402.2330309401313
    ],
    "(1, 0.1)": [
        100.0,
        100.0,
        0.6133625507354736,
        8,
        -559.6778809866128
    ],
    "(1, 1)": [
        100.0,
        100.0,
        0.9195413589477539,
        8,
        -559.9964212067058
    ],
    "(1, 10.0)": [
        100.0,
        100.0,
        0.6382946968078613,
        8,
        -559.9964405870062
    ],
    "(2, 1e-05)": [
        77.5,
        77.5,
        0.8407120704650879,
        11,
        -1650.713286546979
    ],
    "(2, 0.0001)": [
        84.91071428571428,
        84.91071428571428,
        0.8038227558135986,
        11,
        -1087.627737180293
    ],
    "(2, 0.001)": [
        94.64285714285714,
        94.64285714285714,
        0.7569754123687744,
        10,
        -614.4067816582466
    ],
    "(2, 0.01)": [
        100.0,
        100.0,
        0.6671881675720215,
        9,
        -412.3633437949778
    ],
    "(2, 0.1)": [
        100.0,
        100.0,
        0.5914204120635986,
        7,
        -559.6786856289517
    ],
    "(2, 1)": [
        100.0,
        100.0,
        0.8357326984405518,
        7,
        -559.9981948360271
    ],
    "(2, 10.0)": [
        100.0,
        100.0,
        0.4827079772949219,
        6,
        -559.9982142879543
    ],
    "(2.5, 1e-05)": [
        78.30357142857143,
        78.30357142857143,
        0.8557124137878418,
        11,
        -1984.463503911905
    ],
    "(2.5, 0.0001)": [
        85.53571428571428,
        85.53571428571428,
        0.8058173656463623,
        11,
        -1303.4559001327586
    ],
    "(2.5, 0.001)": [
        95.26785714285714,
        95.26785714285714,
        0.7719097137451172,
        10,
        -697.3995524990617
    ],
    "(2.5, 0.01)": [
        100.0,
        100.0,
        0.6821441650390625,
        9,
        -412.5203155995218
    ],
    "(2.5, 0.1)": [
        100.0,
        100.0,
        0.33510470390319824,
        4,
        -559.6790778134398
    ],
    "(2.5, 1)": [
        100.0,
        100.0,
        0.4497659206390381,
        4,
        -559.9985386466846
    ],
    "(2.5, 10.0)": [
        100.0,
        100.0,
        0.31113767623901367,
        4,
        -559.9985580957302
    ],
    "(3, 1e-05)": [
        78.48214285714286,
        78.48214285714286,
        0.8287842273712158,
        11,
        -2305.0786791065775
    ],
    "(3, 0.0001)": [
        85.98214285714286,
        85.98214285714286,
        0.8297536373138428,
        11,
        -1511.3203482539618
    ],
    "(3, 0.001)": [
        95.71428571428572,
        95.71428571428572,
        0.7719361782073975,
        10,
        -769.7946717817038
    ],
    "(3, 0.01)": [
        100.0,
        100.0,
        0.7360320091247559,
        9,
        -412.52031560038654
    ],
    "(3, 0.1)": [
        100.0,
        100.0,
        0.380983829498291,
        5,
        -559.6787086566889
    ],
    "(3, 1)": [
        100.0,
        100.0,
        0.6253278255462646,
        5,
        -559.9982171681168
    ],
    "(3, 10.0)": [
        100.0,
        100.0,
        0.3779909610748291,
        5,
        -559.9982366177959
    ],
    "(6, 1e-05)": [
        80.98214285714286,
        80.98214285714286,
        0.8866276741027832,
        12,
        -4067.5514874187575
    ],
    "(6, 0.0001)": [
        87.76785714285714,
        87.76785714285714,
        1.0102992057800293,
        14,
        -2640.757052894219
    ],
    "(6, 0.001)": [
        97.85714285714285,
        97.85714285714285,
        0.8816096782684326,
        12,
        -1072.58399077967
    ],
    "(6, 0.01)": [
        100.0,
        100.0,
        0.577427864074707,
        8,
        -412.52040322339104
    ],
    "(6, 0.1)": [
        100.0,
        100.0,
        0.6891276836395264,
        9,
        -559.6787163445309
    ],
    "(6, 1)": [
        100.0,
        100.0,
        1.568772315979004,
        14,
        -559.9982343285844
    ],
    "(6, 10.0)": [
        100.0,
        100.0,
        1.025221586227417,
        14,
        -559.9982440529454
    ],
    "(10, 1e-05)": [
        83.39285714285715,
        83.39285714285715,
        0.9963362216949463,
        11,
        -6179.163053892164
    ],
    "(10, 0.0001)": [
        89.64285714285715,
        89.64285714285715,
        1.156907320022583,
        13,
        -3944.5932888655616
    ],
    "(10, 0.001)": [
        98.92857142857143,
        98.92857142857143,
        0.9474344253540039,
        13,
        -1302.316077749991
    ],
    "(10, 0.01)": [
        100.0,
        100.0,
        0.7489991188049316,
        10,
        -412.5204130773823
    ],
    "(10, 0.1)": [
        100.0,
        100.0,
        0.6193432807922363,
        8,
        -559.6787673363399
    ],
    "(10, 1)": [
        100.0,
        100.0,
        0.9982974529266357,
        9,
        -559.9983641581669
    ],
    "(10, 10.0)": [
        100.0,
        100.0,
        0.6711728572845459,
        9,
        -559.9983830641412
    ],
    "(100, 1e-05)": [
        88.83928571428571,
        88.83928571428571,
        1.6505863666534424,
        22,
        -40768.210606578556
    ],
    "(100, 0.0001)": [
        96.33928571428572,
        96.33928571428572,
        1.7203712463378906,
        24,
        -19600.560079234292
    ],
    "(100, 0.001)": [
        100.0,
        100.0,
        1.9039108753204346,
        24,
        -1577.3465471876768
    ],